{"cameraMode":{"drawMode":0,"name":"Shaded","section":"Shading Mode"},"sceneLighting":true,"audioPlay":false,"sceneViewState":{"m_AlwaysRefresh":false,"showFog":true,"showSkybox":true,"showFlares":true,"showImageEffects":true,"showParticleSystems":true,"showVisualEffectGraphs":true,"m_FxEnabled":true},"in2DMode":false,"pivot":{"x":17.515384674072267,"y":2.0012340545654299,"z":-0.8971327543258667},"rotation":{"x":0.0213320329785347,"y":0.6876764893531799,"z":-0.02022203803062439,"w":0.7254356741905212},"size":0.7699804902076721,"orthographic":false}