{"cameraMode":{"drawMode":0,"name":"Shaded","section":"Shading Mode"},"sceneLighting":true,"audioPlay":false,"sceneViewState":{"m_AlwaysRefresh":false,"showFog":true,"showSkybox":true,"showFlares":true,"showImageEffects":true,"showParticleSystems":true,"showVisualEffectGraphs":true,"m_FxEnabled":true},"in2DMode":false,"pivot":{"x":17.599912643432618,"y":0.7155740261077881,"z":0.008360713720321656},"rotation":{"x":0.002362889237701893,"y":0.16985726356506349,"z":-0.00041007649269886315,"w":0.985473096370697},"size":0.26635339856147768,"orthographic":false}