{"cameraMode":{"drawMode":0,"name":"Shaded","section":"Shading Mode"},"sceneLighting":true,"audioPlay":false,"sceneViewState":{"m_AlwaysRefresh":false,"showFog":true,"showSkybox":true,"showFlares":true,"showImageEffects":true,"showParticleSystems":true,"showVisualEffectGraphs":true,"m_FxEnabled":true},"in2DMode":false,"pivot":{"x":17.433773040771486,"y":2.446734666824341,"z":1.0678035020828248},"rotation":{"x":0.09843897819519043,"y":-0.5236346125602722,"z":-0.06106868386268616,"w":-0.8440428376197815},"size":1.5450307130813599,"orthographic":false}