{"cameraMode":{"drawMode":0,"name":"Shaded","section":"Shading Mode"},"sceneLighting":true,"audioPlay":false,"sceneViewState":{"m_AlwaysRefresh":false,"showFog":true,"showSkybox":true,"showFlares":true,"showImageEffects":true,"showParticleSystems":true,"showVisualEffectGraphs":true,"m_FxEnabled":true},"in2DMode":false,"pivot":{"x":17.609682083129884,"y":0.13070963323116303,"z":-0.3399582803249359},"rotation":{"x":0.317870169878006,"y":0.5248491168022156,"z":-0.21999330818653108,"w":0.7583944797515869},"size":1.2112739086151124,"orthographic":false}