{"cameraMode":{"drawMode":0,"name":"Shaded","section":"Shading Mode"},"sceneLighting":true,"audioPlay":false,"sceneViewState":{"m_AlwaysRefresh":false,"showFog":true,"showSkybox":true,"showFlares":true,"showImageEffects":true,"showParticleSystems":true,"showVisualEffectGraphs":true,"m_FxEnabled":true},"in2DMode":false,"pivot":{"x":14.916303634643555,"y":1.626301646232605,"z":-0.7561643123626709},"rotation":{"x":0.08979877084493637,"y":-0.7226073145866394,"z":0.09542094171047211,"w":0.6788343787193298},"size":0.0729915201663971,"orthographic":false}